{
  "execution_time_seconds": 34512.482402801514,
  "initial_memory_mb": 177.09765625,
  "final_memory_mb": 246.87890625,
  "memory_delta_mb": 69.78125,
  "timestamp": "2026-07-13T21:04:55.598255"
}