{
  "execution_time_seconds": 4224.078328847885,
  "initial_memory_mb": 177.046875,
  "final_memory_mb": 223.5078125,
  "memory_delta_mb": 46.4609375,
  "timestamp": "2026-07-13T11:29:41.187409"
}