{
  "execution_time_seconds": 4341.260765314102,
  "initial_memory_mb": 177.20703125,
  "final_memory_mb": 227.98046875,
  "memory_delta_mb": 50.7734375,
  "timestamp": "2026-07-13T23:08:59.737628"
}