{
  "execution_time_seconds": 3921.144486427307,
  "initial_memory_mb": 177.171875,
  "final_memory_mb": 204.64453125,
  "memory_delta_mb": 27.47265625,
  "timestamp": "2026-07-13T08:20:52.569577"
}