{
  "execution_time_seconds": 7098.15038561821,
  "initial_memory_mb": 177.1796875,
  "final_memory_mb": 179.0234375,
  "memory_delta_mb": 1.87109375,
  "timestamp": "2026-07-13T10:19:13.740048"
}