{
  "execution_time_seconds": 260.48986053466797,
  "initial_memory_mb": 177.1015625,
  "final_memory_mb": 218.64453125,
  "memory_delta_mb": 41.54296875,
  "timestamp": "2026-05-19T01:15:00.607380"
}