{
  "execution_time_seconds": 3020.7225584983826,
  "initial_memory_mb": 177.23828125,
  "final_memory_mb": 227.55078125,
  "memory_delta_mb": 50.3125,
  "timestamp": "2026-07-13T21:56:35.652230"
}