{
  "execution_time_seconds": 1948.8235349655151,
  "initial_memory_mb": 177.26953125,
  "final_memory_mb": 201.46484375,
  "memory_delta_mb": 24.1953125,
  "timestamp": "2026-07-13T07:15:28.350406"
}